date,province,confirmed,released,deceased
1월20일,강원도,0,0,0
1월21일,강원도,0,0,0
1월22일,강원도,0,0,0
1월23일,강원도,0,0,0
1월24일,강원도,0,0,0
1월25일,강원도,0,0,0
1월26일,강원도,0,0,0
1월27일,강원도,0,0,0
1월28일,강원도,0,0,0
1월29일,강원도,0,0,0
1월30일,강원도,0,0,0
1월31일,강원도,0,0,0
2월1일,강원도,0,0,0
2월2일,강원도,0,0,0
2월3일,강원도,0,0,0
2월4일,강원도,0,0,0
2월5일,강원도,0,0,0
2월6일,강원도,0,0,0
2월7일,강원도,0,0,0
2월8일,강원도,0,0,0
2월9일,강원도,0,0,0
2월10일,강원도,0,0,0
2월11일,강원도,0,0,0
2월12일,강원도,0,0,0
2월13일,강원도,0,0,0
2월14일,강원도,0,0,0
2월15일,강원도,0,0,0
2월16일,강원도,0,0,0
2월17일,강원도,0,0,0
2월18일,강원도,0,0,0
2월19일,강원도,0,0,0
2월20일,강원도,0,0,0
2월21일,강원도,0,0,0
2월22일,강원도,6,0,0
2월23일,강원도,0,0,0
2월24일,강원도,0,0,0
2월25일,강원도,0,0,0
2월26일,강원도,0,0,0
2월27일,강원도,0,0,0
2월28일,강원도,1,0,0
2월29일,강원도,0,0,0
3월1일,강원도,8,0,0
3월2일,강원도,4,0,0
3월3일,강원도,1,0,0
3월4일,강원도,1,0,0
3월5일,강원도,2,3,0
3월6일,강원도,2,0,0
3월7일,강원도,1,0,1
3월8일,강원도,1,0,0
3월9일,강원도,1,0,0
3월10일,강원도,0,3,0
3월11일,강원도,1,0,0
3월12일,강원도,0,0,0
3월13일,강원도,0,0,0
3월14일,강원도,0,0,0
3월15일,강원도,0,1,0
3월16일,강원도,0,0,0
3월17일,강원도,0,1,0
3월18일,강원도,1,0,0
3월19일,강원도,0,1,0
3월20일,강원도,0,1,0
3월21일,강원도,0,2,0
3월22일,강원도,0,1,0
3월23일,강원도,0,1,0
3월24일,강원도,0,0,0
3월25일,강원도,1,1,0
3월26일,강원도,0,3,0
3월27일,강원도,0,2,0
3월28일,강원도,1,0,0
3월29일,강원도,2,1,0
3월30일,강원도,2,0,0
3월31일,강원도,0,2,0
4월1일,강원도,2,0,0
4월2일,강원도,1,0,0
4월3일,강원도,2,0,0
4월4일,강원도,1,0,0
4월5일,강원도,3,1,0
4월6일,강원도,0,-1,0
4월7일,강원도,2,1,0
4월8일,강원도,2,0,0
4월9일,강원도,0,0,0
4월10일,강원도,0,2,0
4월11일,강원도,0,0,0
4월12일,강원도,0,1,0
4월13일,강원도,0,1,0
4월14일,강원도,0,1,0
4월15일,강원도,2,-2,0
4월16일,강원도,1,0,0
4월17일,강원도,0,1,0
4월18일,강원도,1,0,0
4월19일,강원도,0,0,1
4월20일,강원도,0,0,0
4월21일,강원도,0,2,0
4월22일,강원도,0,1,0
4월23일,강원도,0,0,0
4월24일,강원도,0,0,0
4월25일,강원도,0,1,0
4월26일,강원도,0,2,0
4월27일,강원도,0,1,0
4월28일,강원도,0,2,0
4월29일,강원도,0,0,0
4월30일,강원도,0,3,0
5월1일,강원도,0,0,0
5월2일,강원도,0,2,0
5월3일,강원도,0,1,0
5월4일,강원도,0,-1,0
5월5일,강원도,0,0,0
5월6일,강원도,0,0,0
5월7일,강원도,0,0,0
5월8일,강원도,0,-1,0
5월9일,강원도,0,0,0
5월10일,강원도,0,0,0
5월11일,강원도,1,0,0
5월12일,강원도,0,0,0
5월13일,강원도,0,1,0
5월14일,강원도,1,1,0
5월15일,강원도,0,1,0
5월16일,강원도,0,1,0
5월17일,강원도,0,0,0
5월18일,강원도,0,1,0
5월19일,강원도,0,0,0
5월20일,강원도,0,1,0
5월21일,강원도,0,0,0
5월22일,강원도,0,0,0
5월23일,강원도,0,0,0
5월24일,강원도,1,0,0
5월25일,강원도,0,1,0
5월26일,강원도,0,0,1
5월27일,강원도,0,0,0
5월28일,강원도,0,1,0
5월29일,강원도,0,1,0
5월30일,강원도,1,0,0
5월31일,강원도,0,0,0
6월1일,강원도,0,0,0
6월2일,강원도,0,1,0
6월3일,강원도,0,0,0
6월4일,강원도,0,0,0
6월5일,강원도,0,0,0
6월6일,강원도,1,0,0
6월7일,강원도,0,0,0
6월8일,강원도,0,0,0
6월9일,강원도,0,0,0
6월10일,강원도,1,0,0
6월11일,강원도,0,0,0
6월12일,강원도,0,1,0
6월13일,강원도,0,0,0
6월14일,강원도,1,0,0
6월15일,강원도,0,0,0
6월16일,강원도,0,0,0
6월17일,강원도,0,0,0
6월18일,강원도,0,0,0
6월19일,강원도,0,0,0
6월20일,강원도,0,0,0
6월21일,강원도,2,0,0
6월22일,강원도,0,0,0
6월23일,강원도,0,0,0
6월24일,강원도,1,0,0
6월25일,강원도,0,0,0
6월26일,강원도,1,0,0
6월27일,강원도,0,0,0
6월28일,강원도,0,1,0
6월29일,강원도,0,1,0
6월30일,강원도,1,0,0
1월20일,경기도,0,0,0
1월21일,경기도,0,0,0
1월22일,경기도,0,0,0
1월23일,경기도,0,0,0
1월24일,경기도,1,0,0
1월25일,경기도,0,0,0
1월26일,경기도,1,0,0
1월27일,경기도,0,0,0
1월28일,경기도,0,0,0
1월29일,경기도,0,0,0
1월30일,경기도,1,0,0
1월31일,경기도,2,0,0
2월1일,경기도,1,0,0
2월2일,경기도,2,0,0
2월3일,경기도,0,0,0
2월4일,경기도,0,0,0
2월5일,경기도,2,0,0
2월6일,경기도,0,0,0
2월7일,경기도,0,0,0
2월8일,경기도,0,0,0
2월9일,경기도,0,1,0
2월10일,경기도,0,0,0
2월11일,경기도,2,2,0
2월12일,경기도,0,0,0
2월13일,경기도,0,2,0
2월14일,경기도,0,0,0
2월15일,경기도,0,0,0
2월16일,경기도,0,0,0
2월17일,경기도,0,0,0
2월18일,경기도,0,0,0
2월19일,경기도,0,2,0
2월20일,경기도,0,0,0
2월21일,경기도,2,0,0
2월22일,경기도,6,0,0
2월23일,경기도,4,0,0
2월24일,경기도,11,0,0
2월25일,경기도,7,1,0
2월26일,경기도,9,0,1
2월27일,경기도,11,0,0
2월28일,경기도,10,0,0
2월29일,경기도,10,0,0
3월1일,경기도,7,0,0
3월2일,경기도,3,0,0
3월3일,경기도,2,0,0
3월4일,경기도,7,1,0
3월5일,경기도,9,1,0
3월6일,경기도,10,4,0
3월7일,경기도,10,0,0
3월8일,경기도,11,2,0
3월9일,경기도,12,6,0
3월10일,경기도,10,0,0
3월11일,경기도,12,3,0
3월12일,경기도,3,2,0
3월13일,경기도,7,4,1
3월14일,경기도,15,5,1
3월15일,경기도,11,4,0
3월16일,경기도,20,8,0
3월17일,경기도,31,7,0
3월18일,경기도,15,4,0
3월19일,경기도,18,5,0
3월20일,경기도,14,2,0
3월21일,경기도,12,13,0
3월22일,경기도,16,3,0
3월23일,경기도,14,6,0
3월24일,경기도,15,9,1
3월25일,경기도,21,3,0
3월26일,경기도,14,22,0
3월27일,경기도,11,9,0
3월28일,경기도,21,9,1
3월29일,경기도,15,4,0
3월30일,경기도,15,16,0
3월31일,경기도,13,6,1
4월1일,경기도,23,5,0
4월2일,경기도,17,10,0
4월3일,경기도,23,5,0
4월4일,경기도,23,14,0
4월5일,경기도,10,8,1
4월6일,경기도,8,5,0
4월7일,경기도,10,13,0
4월8일,경기도,6,11,3
4월9일,경기도,10,22,1
4월10일,경기도,9,10,0
4월11일,경기도,9,17,0
4월12일,경기도,4,6,1
4월13일,경기도,3,13,1
4월14일,경기도,8,8,0
4월15일,경기도,6,9,0
4월16일,경기도,4,8,1
4월17일,경기도,1,10,0
4월18일,경기도,4,21,0
4월19일,경기도,0,9,0
4월20일,경기도,2,17,0
4월21일,경기도,2,11,0
4월22일,경기도,0,6,0
4월23일,경기도,1,20,0
4월24일,경기도,1,17,0
4월25일,경기도,2,7,0
4월26일,경기도,6,15,0
4월27일,경기도,3,7,0
4월28일,경기도,3,5,0
4월29일,경기도,2,6,1
4월30일,경기도,0,5,0
5월1일,경기도,2,2,1
5월2일,경기도,0,10,0
5월3일,경기도,2,12,0
5월4일,경기도,1,5,0
5월5일,경기도,0,3,0
5월6일,경기도,0,7,0
5월7일,경기도,1,13,0
5월8일,경기도,2,0,0
5월9일,경기도,4,10,0
5월10일,경기도,6,8,0
5월11일,경기도,4,1,0
5월12일,경기도,8,2,0
5월13일,경기도,2,4,0
5월14일,경기도,6,14,0
5월15일,경기도,3,6,0
5월16일,경기도,4,4,0
5월17일,경기도,0,11,0
5월18일,경기도,3,2,0
5월19일,경기도,1,2,0
5월20일,경기도,10,9,0
5월21일,경기도,0,20,1
5월22일,경기도,6,2,0
5월23일,경기도,13,3,1
5월24일,경기도,6,7,0
5월25일,경기도,6,1,1
5월26일,경기도,2,1,0
5월27일,경기도,6,1,0
5월28일,경기도,21,0,0
5월29일,경기도,20,1,0
5월30일,경기도,13,1,0
5월31일,경기도,12,2,0
6월1일,경기도,12,7,0
6월2일,경기도,15,3,0
6월3일,경기도,12,2,0
6월4일,경기도,15,3,0
6월5일,경기도,13,0,0
6월6일,경기도,8,8,0
6월7일,경기도,19,5,0
6월8일,경기도,8,2,0
6월9일,경기도,13,0,1
6월10일,경기도,21,2,2
6월11일,경기도,16,9,0
6월12일,경기도,19,1,0
6월13일,경기도,14,4,0
6월14일,경기도,10,14,0
6월15일,경기도,10,3,0
6월16일,경기도,5,3,0
6월17일,경기도,13,4,0
6월18일,경기도,16,4,0
6월19일,경기도,11,13,0
6월20일,경기도,17,4,0
6월21일,경기도,10,3,0
6월22일,경기도,6,9,0
6월23일,경기도,7,5,1
6월24일,경기도,7,3,0
6월25일,경기도,9,16,0
6월26일,경기도,4,37,0
6월27일,경기도,17,44,-1
6월28일,경기도,17,15,1
6월29일,경기도,16,15,0
6월30일,경기도,7,43,0
1월20일,경상남도,0,0,0
1월21일,경상남도,0,0,0
1월22일,경상남도,0,0,0
1월23일,경상남도,0,0,0
1월24일,경상남도,0,0,0
1월25일,경상남도,0,0,0
1월26일,경상남도,0,0,0
1월27일,경상남도,0,0,0
1월28일,경상남도,0,0,0
1월29일,경상남도,0,0,0
1월30일,경상남도,0,0,0
1월31일,경상남도,0,0,0
2월1일,경상남도,0,0,0
2월2일,경상남도,0,0,0
2월3일,경상남도,0,0,0
2월4일,경상남도,0,0,0
2월5일,경상남도,0,0,0
2월6일,경상남도,0,0,0
2월7일,경상남도,0,0,0
2월8일,경상남도,0,0,0
2월9일,경상남도,0,0,0
2월10일,경상남도,0,0,0
2월11일,경상남도,0,0,0
2월12일,경상남도,0,0,0
2월13일,경상남도,0,0,0
2월14일,경상남도,0,0,0
2월15일,경상남도,0,0,0
2월16일,경상남도,0,0,0
2월17일,경상남도,0,0,0
2월18일,경상남도,0,0,0
2월19일,경상남도,3,0,0
2월20일,경상남도,0,0,0
2월21일,경상남도,4,0,0
2월22일,경상남도,0,0,0
2월23일,경상남도,10,0,0
2월24일,경상남도,3,0,0
2월25일,경상남도,3,0,0
2월26일,경상남도,11,0,0
2월27일,경상남도,9,0,0
2월28일,경상남도,6,1,0
2월29일,경상남도,10,0,0
3월1일,경상남도,4,0,0
3월2일,경상남도,1,0,0
3월3일,경상남도,0,0,0
3월4일,경상남도,1,1,0
3월5일,경상남도,9,1,0
3월6일,경상남도,3,1,0
3월7일,경상남도,5,0,0
3월8일,경상남도,1,0,0
3월9일,경상남도,0,5,0
3월10일,경상남도,0,1,0
3월11일,경상남도,1,0,0
3월12일,경상남도,1,0,0
3월13일,경상남도,0,1,0
3월14일,경상남도,0,0,0
3월15일,경상남도,0,5,0
3월16일,경상남도,0,4,0
3월17일,경상남도,1,2,0
3월18일,경상남도,0,1,0
3월19일,경상남도,0,6,0
3월20일,경상남도,1,4,0
3월21일,경상남도,0,7,0
3월22일,경상남도,1,2,0
3월23일,경상남도,1,3,0
3월24일,경상남도,1,3,0
3월25일,경상남도,0,3,0
3월26일,경상남도,0,6,0
3월27일,경상남도,1,5,0
3월28일,경상남도,0,1,0
3월29일,경상남도,3,1,0
3월30일,경상남도,1,1,0
3월31일,경상남도,1,2,0
4월1일,경상남도,4,0,0
4월2일,경상남도,6,3,0
4월3일,경상남도,1,1,0
4월4일,경상남도,1,4,0
4월5일,경상남도,1,2,0
4월6일,경상남도,2,3,0
4월7일,경상남도,1,0,0
4월8일,경상남도,1,0,0
4월9일,경상남도,2,2,0
4월10일,경상남도,0,0,0
4월11일,경상남도,0,1,0
4월12일,경상남도,0,1,0
4월13일,경상남도,0,0,0
4월14일,경상남도,0,0,0
4월15일,경상남도,0,0,0
4월16일,경상남도,0,-2,0
4월17일,경상남도,0,2,0
4월18일,경상남도,1,0,0
4월19일,경상남도,0,1,0
4월20일,경상남도,0,2,0
4월21일,경상남도,0,1,0
4월22일,경상남도,1,1,0
4월23일,경상남도,0,0,0
4월24일,경상남도,0,2,0
4월25일,경상남도,0,0,0
4월26일,경상남도,0,2,0
4월27일,경상남도,0,1,0
4월28일,경상남도,0,3,0
4월29일,경상남도,0,0,0
4월30일,경상남도,0,0,0
5월1일,경상남도,0,1,0
5월2일,경상남도,0,1,0
5월3일,경상남도,0,1,0
5월4일,경상남도,0,1,0
5월5일,경상남도,0,1,0
5월6일,경상남도,0,2,0
5월7일,경상남도,0,1,0
5월8일,경상남도,0,0,0
5월9일,경상남도,0,2,0
5월10일,경상남도,0,1,0
5월11일,경상남도,0,2,0
5월12일,경상남도,1,2,0
5월13일,경상남도,1,1,0
5월14일,경상남도,0,1,0
5월15일,경상남도,0,1,0
5월16일,경상남도,0,1,0
5월17일,경상남도,2,0,0
5월18일,경상남도,0,0,0
5월19일,경상남도,0,-1,0
5월20일,경상남도,0,2,0
5월21일,경상남도,0,0,0
5월22일,경상남도,1,0,0
5월23일,경상남도,1,0,0
5월24일,경상남도,0,0,0
5월25일,경상남도,0,2,0
5월26일,경상남도,0,0,0
5월27일,경상남도,0,0,0
5월28일,경상남도,0,0,0
5월29일,경상남도,0,0,0
5월30일,경상남도,0,1,0
5월31일,경상남도,0,1,0
6월1일,경상남도,0,0,0
6월2일,경상남도,0,0,0
6월3일,경상남도,0,0,0
6월4일,경상남도,0,0,0
6월5일,경상남도,0,0,0
6월6일,경상남도,1,1,0
6월7일,경상남도,0,0,0
6월8일,경상남도,0,0,0
6월9일,경상남도,1,1,0
6월10일,경상남도,2,0,0
6월11일,경상남도,0,0,0
6월12일,경상남도,0,0,0
6월13일,경상남도,0,0,0
6월14일,경상남도,0,0,0
6월15일,경상남도,3,1,0
6월16일,경상남도,2,0,0
6월17일,경상남도,0,0,0
6월18일,경상남도,0,0,0
6월19일,경상남도,0,0,0
6월20일,경상남도,0,0,0
6월21일,경상남도,1,0,0
6월22일,경상남도,0,0,0
6월23일,경상남도,0,0,0
6월24일,경상남도,0,0,0
6월25일,경상남도,0,1,0
6월26일,경상남도,0,0,0
6월27일,경상남도,0,3,0
6월28일,경상남도,0,0,0
6월29일,경상남도,1,0,0
6월30일,경상남도,0,0,0
1월20일,경상북도,0,0,0
1월21일,경상북도,0,0,0
1월22일,경상북도,0,0,0
1월23일,경상북도,0,0,0
1월24일,경상북도,0,0,0
1월25일,경상북도,0,0,0
1월26일,경상북도,0,0,0
1월27일,경상북도,0,0,0
1월28일,경상북도,0,0,0
1월29일,경상북도,0,0,0
1월30일,경상북도,0,0,0
1월31일,경상북도,0,0,0
2월1일,경상북도,0,0,0
2월2일,경상북도,0,0,0
2월3일,경상북도,0,0,0
2월4일,경상북도,0,0,0
2월5일,경상북도,0,0,0
2월6일,경상북도,0,0,0
2월7일,경상북도,0,0,0
2월8일,경상북도,0,0,0
2월9일,경상북도,0,1,0
2월10일,경상북도,0,0,0
2월11일,경상북도,0,0,0
2월12일,경상북도,0,0,0
2월13일,경상북도,0,0,0
2월14일,경상북도,0,0,0
2월15일,경상북도,0,0,0
2월16일,경상북도,0,0,0
2월17일,경상북도,0,0,0
2월18일,경상북도,0,0,0
2월19일,경상북도,2,0,0
2월20일,경상북도,23,0,1
2월21일,경상북도,3,0,0
2월22일,경상북도,117,0,2
2월23일,경상북도,25,0,0
2월24일,경상북도,23,0,3
2월25일,경상북도,56,0,0
2월26일,경상북도,68,0,0
2월27일,경상북도,28,0,0
2월28일,경상북도,64,0,0
2월29일,경상북도,79,0,0
3월1일,경상북도,68,0,0
3월2일,경상북도,68,0,0
3월3일,경상북도,61,0,0
3월4일,경상북도,89,3,0
3월5일,경상북도,87,19,0
3월6일,경상북도,123,13,4
3월7일,경상북도,65,5,0
3월8일,경상북도,33,1,3
3월9일,경상북도,25,15,1
3월10일,경상북도,10,3,0
3월11일,경상북도,18,9,0
3월12일,경상북도,8,14,2
3월13일,경상북도,4,20,0
3월14일,경상북도,6,35,1
3월15일,경상북도,4,25,0
3월16일,경상북도,7,15,0
3월17일,경상북도,5,31,2
3월18일,경상북도,9,26,2
3월19일,경상북도,12,40,0
3월20일,경상북도,13,65,1
3월21일,경상북도,40,55,2
3월22일,경상북도,11,37,0
3월23일,경상북도,2,37,0
3월24일,경상북도,1,38,2
3월25일,경상북도,5,31,2
3월26일,경상북도,12,63,2
3월27일,경상북도,9,49,4
3월28일,경상북도,2,42,1
3월29일,경상북도,2,40,2
3월30일,경상북도,11,40,1
3월31일,경상북도,2,36,0
4월1일,경상북도,2,14,1
4월2일,경상북도,2,18,2
4월3일,경상북도,5,25,1
4월4일,경상북도,1,16,2
4월5일,경상북도,4,18,0
4월6일,경상북도,2,23,1
4월7일,경상북도,1,12,1
4월8일,경상북도,3,20,0
4월9일,경상북도,0,14,1
4월10일,경상북도,7,26,1
4월11일,경상북도,3,10,0
4월12일,경상북도,3,9,1
4월13일,경상북도,4,7,1
4월14일,경상북도,5,9,0
4월15일,경상북도,6,6,0
4월16일,경상북도,4,9,0
4월17일,경상북도,4,-7,0
4월18일,경상북도,2,9,1
4월19일,경상북도,1,11,0
4월20일,경상북도,2,7,0
4월21일,경상북도,0,8,0
4월22일,경상북도,2,7,0
4월23일,경상북도,0,12,1
4월24일,경상북도,1,6,0
4월25일,경상북도,0,7,0
4월26일,경상북도,0,5,0
4월27일,경상북도,0,5,0
4월28일,경상북도,1,5,0
4월29일,경상북도,0,14,0
4월30일,경상북도,0,14,0
5월1일,경상북도,1,2,0
5월2일,경상북도,0,5,0
5월3일,경상북도,0,11,0
5월4일,경상북도,0,8,1
5월5일,경상북도,0,13,0
5월6일,경상북도,0,4,0
5월7일,경상북도,0,8,0
5월8일,경상북도,0,8,0
5월9일,경상북도,0,9,0
5월10일,경상북도,0,5,0
5월11일,경상북도,0,8,0
5월12일,경상북도,1,2,1
5월13일,경상북도,0,1,0
5월14일,경상북도,1,6,0
5월15일,경상북도,0,8,0
5월16일,경상북도,0,8,0
5월17일,경상북도,0,1,0
5월18일,경상북도,0,3,0
5월19일,경상북도,0,4,0
5월20일,경상북도,0,10,0
5월21일,경상북도,0,1,0
5월22일,경상북도,2,4,0
5월23일,경상북도,0,2,0
5월24일,경상북도,6,3,0
5월25일,경상북도,1,4,0
5월26일,경상북도,1,1,0
5월27일,경상북도,0,1,0
5월28일,경상북도,1,4,0
5월29일,경상북도,0,2,0
5월30일,경상북도,0,1,0
5월31일,경상북도,0,1,0
6월1일,경상북도,0,1,0
6월2일,경상북도,0,1,0
6월3일,경상북도,0,1,0
6월4일,경상북도,1,3,0
6월5일,경상북도,2,1,0
6월6일,경상북도,1,1,0
6월7일,경상북도,0,1,0
6월8일,경상북도,0,5,0
6월9일,경상북도,0,1,0
6월10일,경상북도,0,0,0
6월11일,경상북도,0,2,0
6월12일,경상북도,0,0,0
6월13일,경상북도,0,0,0
6월14일,경상북도,0,1,0
6월15일,경상북도,0,0,0
6월16일,경상북도,0,0,0
6월17일,경상북도,0,0,0
6월18일,경상북도,0,3,0
6월19일,경상북도,0,1,0
6월20일,경상북도,1,2,0
6월21일,경상북도,0,1,0
6월22일,경상북도,1,0,0
6월23일,경상북도,0,1,0
6월24일,경상북도,1,0,0
6월25일,경상북도,0,0,0
6월26일,경상북도,1,6,0
6월27일,경상북도,0,1,0
6월28일,경상북도,0,0,0
6월29일,경상북도,1,0,0
6월30일,경상북도,1,0,0
1월20일,광주,0,0,0
1월21일,광주,0,0,0
1월22일,광주,0,0,0
1월23일,광주,0,0,0
1월24일,광주,0,0,0
1월25일,광주,0,0,0
1월26일,광주,0,0,0
1월27일,광주,0,0,0
1월28일,광주,0,0,0
1월29일,광주,0,0,0
1월30일,광주,0,0,0
1월31일,광주,0,0,0
2월1일,광주,0,0,0
2월2일,광주,0,0,0
2월3일,광주,0,0,0
2월4일,광주,1,0,0
2월5일,광주,0,0,0
2월6일,광주,0,0,0
2월7일,광주,0,0,0
2월8일,광주,0,0,0
2월9일,광주,0,0,0
2월10일,광주,0,0,0
2월11일,광주,0,0,0
2월12일,광주,0,0,0
2월13일,광주,0,0,0
2월14일,광주,0,0,0
2월15일,광주,0,0,0
2월16일,광주,0,0,0
2월17일,광주,0,0,0
2월18일,광주,0,0,0
2월19일,광주,0,0,0
2월20일,광주,0,2,0
2월21일,광주,2,0,0
2월22일,광주,3,0,0
2월23일,광주,2,0,0
2월24일,광주,1,0,0
2월25일,광주,0,0,0
2월26일,광주,0,0,0
2월27일,광주,0,0,0
2월28일,광주,0,0,0
2월29일,광주,0,0,0
3월1일,광주,0,0,0
3월2일,광주,0,0,0
3월3일,광주,2,0,0
3월4일,광주,2,0,0
3월5일,광주,0,1,0
3월6일,광주,0,0,0
3월7일,광주,0,0,0
3월8일,광주,0,0,0
3월9일,광주,2,0,0
3월10일,광주,0,0,0
3월11일,광주,0,0,0
3월12일,광주,0,1,0
3월13일,광주,0,0,0
3월14일,광주,0,0,0
3월15일,광주,1,0,0
3월16일,광주,0,0,0
3월17일,광주,0,2,0
3월18일,광주,1,0,0
3월19일,광주,0,1,0
3월20일,광주,1,3,0
3월21일,광주,0,0,0
3월22일,광주,1,0,0
3월23일,광주,0,0,0
3월24일,광주,0,1,0
3월25일,광주,0,0,0
3월26일,광주,0,0,0
3월27일,광주,1,0,0
3월28일,광주,0,0,0
3월29일,광주,0,0,0
3월30일,광주,0,2,0
3월31일,광주,0,1,0
4월1일,광주,4,0,0
4월2일,광주,1,0,0
4월3일,광주,1,1,0
4월4일,광주,0,0,0
4월5일,광주,1,0,0
4월6일,광주,0,0,0
4월7일,광주,0,0,0
4월8일,광주,0,0,0
4월9일,광주,0,0,0
4월10일,광주,0,0,0
4월11일,광주,0,2,0
4월12일,광주,0,2,0
4월13일,광주,0,0,0
4월14일,광주,0,2,0
4월15일,광주,1,0,0
4월16일,광주,0,1,0
4월17일,광주,2,0,0
4월18일,광주,0,0,0
4월19일,광주,0,0,0
4월20일,광주,0,0,0
4월21일,광주,0,0,0
4월22일,광주,0,0,0
4월23일,광주,0,2,0
4월24일,광주,0,0,0
4월25일,광주,0,1,0
4월26일,광주,0,0,0
4월27일,광주,0,0,0
4월28일,광주,0,0,0
4월29일,광주,0,1,0
4월30일,광주,0,1,0
5월1일,광주,0,0,0
5월2일,광주,0,1,0
5월3일,광주,0,0,0
5월4일,광주,0,0,0
5월5일,광주,0,0,0
5월6일,광주,0,0,0
5월7일,광주,0,0,0
5월8일,광주,0,0,0
5월9일,광주,0,1,0
5월10일,광주,0,1,0
5월11일,광주,0,0,0
5월12일,광주,0,0,0
5월13일,광주,0,0,0
5월14일,광주,0,0,0
5월15일,광주,0,0,0
5월16일,광주,0,0,0
5월17일,광주,0,0,0
5월18일,광주,0,0,0
5월19일,광주,0,0,0
5월20일,광주,0,0,0
5월21일,광주,0,0,0
5월22일,광주,0,0,0
5월23일,광주,0,0,0
5월24일,광주,0,0,0
5월25일,광주,0,0,0
5월26일,광주,0,0,0
5월27일,광주,0,0,0
5월28일,광주,0,0,0
5월29일,광주,0,0,0
5월30일,광주,2,0,0
5월31일,광주,0,0,0
6월1일,광주,0,0,0
6월2일,광주,0,0,0
6월3일,광주,0,0,0
6월4일,광주,0,0,0
6월5일,광주,0,0,0
6월6일,광주,0,0,0
6월7일,광주,0,0,0
6월8일,광주,0,0,0
6월9일,광주,0,0,0
6월10일,광주,0,0,0
6월11일,광주,0,0,0
6월12일,광주,0,0,0
6월13일,광주,0,0,0
6월14일,광주,0,0,0
6월15일,광주,0,0,0
6월16일,광주,0,2,0
6월17일,광주,0,0,0
6월18일,광주,0,0,0
6월19일,광주,0,0,0
6월20일,광주,0,0,0
6월21일,광주,1,0,0
6월22일,광주,0,0,0
6월23일,광주,0,0,0
6월24일,광주,0,0,0
6월25일,광주,0,0,0
6월26일,광주,0,0,0
6월27일,광주,0,0,0
6월28일,광주,4,0,0
6월29일,광주,4,0,0
6월30일,광주,3,0,0
1월20일,대구,0,0,0
1월21일,대구,0,0,0
1월22일,대구,0,0,0
1월23일,대구,0,0,0
1월24일,대구,0,0,0
1월25일,대구,0,0,0
1월26일,대구,0,0,0
1월27일,대구,0,0,0
1월28일,대구,0,0,0
1월29일,대구,0,0,0
1월30일,대구,0,0,0
1월31일,대구,0,0,0
2월1일,대구,0,0,0
2월2일,대구,0,0,0
2월3일,대구,0,0,0
2월4일,대구,0,0,0
2월5일,대구,0,0,0
2월6일,대구,0,0,0
2월7일,대구,0,0,0
2월8일,대구,0,0,0
2월9일,대구,0,0,0
2월10일,대구,0,0,0
2월11일,대구,0,0,0
2월12일,대구,0,0,0
2월13일,대구,0,0,0
2월14일,대구,0,0,0
2월15일,대구,0,0,0
2월16일,대구,0,0,0
2월17일,대구,0,0,0
2월18일,대구,1,0,0
2월19일,대구,10,0,0
2월20일,대구,19,0,0
2월21일,대구,80,0,0
2월22일,대구,83,0,0
2월23일,대구,117,0,1
2월24일,대구,173,0,1
2월25일,대구,60,0,4
2월26일,대구,167,1,0
2월27일,대구,422,1,0
2월28일,대구,448,1,0
2월29일,대구,656,0,4
3월1일,대구,468,3,1
3월2일,대구,377,1,4
3월3일,대구,520,2,6
3월4일,대구,406,2,4
3월5일,대구,321,3,2
3월6일,대구,366,1,3
3월7일,대구,390,3,1
3월8일,대구,297,0,4
3월9일,대구,190,3,0
3월10일,대구,92,71,3
3월11일,대구,131,10,6
3월12일,대구,73,12,4
3월13일,대구,61,137,0
3월14일,대구,62,150,3
3월15일,대구,41,67,2
3월16일,대구,35,266,0
3월17일,대구,32,213,4
3월18일,대구,46,101,1
3월19일,대구,97,334,7
3월20일,대구,34,195,2
3월21일,대구,69,284,6
3월22일,대구,43,246,2
3월23일,대구,24,198,7
3월24일,대구,31,266,6
3월25일,대구,14,169,4
3월26일,대구,26,299,2
3월27일,대구,34,285,4
3월28일,대구,71,219,3
3월29일,대구,23,163,5
3월30일,대구,14,131,5
3월31일,대구,60,109,3
4월1일,대구,20,124,1
4월2일,대구,21,213,2
4월3일,대구,9,151,4
4월4일,대구,27,239,1
4월5일,대구,7,100,5
4월6일,대구,13,92,2
4월7일,대구,13,53,5
4월8일,대구,9,43,3
4월9일,대구,4,145,2
4월10일,대구,0,87,3
4월11일,대구,7,78,3
4월12일,대구,2,85,1
4월13일,대구,3,39,1
4월14일,대구,3,45,5
4월15일,대구,1,46,3
4월16일,대구,4,100,3
4월17일,대구,0,40,1
4월18일,대구,3,59,1
4월19일,대구,2,58,1
4월20일,대구,1,26,2
4월21일,대구,2,24,1
4월22일,대구,1,34,1
4월23일,대구,4,63,1
4월24일,대구,2,41,0
4월25일,대구,3,43,0
4월26일,대구,1,44,2
4월27일,대구,1,22,1
4월28일,대구,2,16,1
4월29일,대구,3,19,1
4월30일,대구,0,69,1
5월1일,대구,0,0,0
5월2일,대구,0,11,2
5월3일,대구,4,12,0
5월4일,대구,0,10,0
5월5일,대구,0,22,2
5월6일,대구,0,18,1
5월7일,대구,0,32,1
5월8일,대구,3,28,0
5월9일,대구,0,29,0
5월10일,대구,2,12,0
5월11일,대구,0,0,0
5월12일,대구,1,13,1
5월13일,대구,3,-9,0
5월14일,대구,0,27,0
5월15일,대구,3,17,0
5월16일,대구,1,1,2
5월17일,대구,1,9,0
5월18일,대구,1,0,1
5월19일,대구,0,13,0
5월20일,대구,1,82,0
5월21일,대구,0,27,0
5월22일,대구,0,7,0
5월23일,대구,1,11,1
5월24일,대구,0,2,0
5월25일,대구,1,1,0
5월26일,대구,1,34,1
5월27일,대구,3,4,0
5월28일,대구,2,19,0
5월29일,대구,0,11,0
5월30일,대구,2,19,0
5월31일,대구,1,1,1
6월1일,대구,1,3,1
6월2일,대구,0,6,1
6월3일,대구,1,10,1
6월4일,대구,0,8,0
6월5일,대구,1,0,0
6월6일,대구,0,4,0
6월7일,대구,1,2,0
6월8일,대구,1,1,0
6월9일,대구,0,2,0
6월10일,대구,0,5,0
6월11일,대구,0,3,0
6월12일,대구,1,2,1
6월13일,대구,3,6,0
6월14일,대구,2,2,0
6월15일,대구,0,6,0
6월16일,대구,0,4,0
6월17일,대구,1,1,0
6월18일,대구,1,2,0
6월19일,대구,0,2,0
6월20일,대구,2,3,0
6월21일,대구,1,1,0
6월22일,대구,1,1,0
6월23일,대구,1,5,0
6월24일,대구,2,1,0
6월25일,대구,0,2,0
6월26일,대구,0,6,0
6월27일,대구,1,5,0
6월28일,대구,0,0,0
6월29일,대구,2,0,0
6월30일,대구,0,0,0
1월20일,대전,0,0,0
1월21일,대전,0,0,0
1월22일,대전,0,0,0
1월23일,대전,0,0,0
1월24일,대전,0,0,0
1월25일,대전,0,0,0
1월26일,대전,0,0,0
1월27일,대전,0,0,0
1월28일,대전,0,0,0
1월29일,대전,0,0,0
1월30일,대전,0,0,0
1월31일,대전,0,0,0
2월1일,대전,0,0,0
2월2일,대전,0,0,0
2월3일,대전,0,0,0
2월4일,대전,0,0,0
2월5일,대전,0,0,0
2월6일,대전,0,0,0
2월7일,대전,0,0,0
2월8일,대전,0,0,0
2월9일,대전,0,0,0
2월10일,대전,0,0,0
2월11일,대전,0,0,0
2월12일,대전,0,0,0
2월13일,대전,0,0,0
2월14일,대전,0,0,0
2월15일,대전,0,0,0
2월16일,대전,0,0,0
2월17일,대전,0,0,0
2월18일,대전,0,0,0
2월19일,대전,0,0,0
2월20일,대전,0,0,0
2월21일,대전,0,0,0
2월22일,대전,2,0,0
2월23일,대전,1,0,0
2월24일,대전,0,0,0
2월25일,대전,0,0,0
2월26일,대전,2,0,0
2월27일,대전,4,0,0
2월28일,대전,4,0,0
2월29일,대전,0,0,0
3월1일,대전,0,0,0
3월2일,대전,1,0,0
3월3일,대전,0,0,0
3월4일,대전,1,0,0
3월5일,대전,1,0,0
3월6일,대전,2,0,0
3월7일,대전,0,0,0
3월8일,대전,0,1,0
3월9일,대전,0,0,0
3월10일,대전,0,0,0
3월11일,대전,0,1,0
3월12일,대전,2,0,0
3월13일,대전,2,2,0
3월14일,대전,0,0,0
3월15일,대전,0,0,0
3월16일,대전,0,0,0
3월17일,대전,0,0,0
3월18일,대전,0,0,0
3월19일,대전,0,0,0
3월20일,대전,0,1,0
3월21일,대전,0,0,0
3월22일,대전,2,1,0
3월23일,대전,0,0,0
3월24일,대전,0,0,0
3월25일,대전,0,0,0
3월26일,대전,6,0,0
3월27일,대전,1,3,0
3월28일,대전,0,1,0
3월29일,대전,3,4,0
3월30일,대전,0,3,0
3월31일,대전,2,1,0
4월1일,대전,0,0,0
4월2일,대전,0,0,0
4월3일,대전,0,0,0
4월4일,대전,0,0,0
4월5일,대전,1,0,0
4월6일,대전,2,1,0
4월7일,대전,0,1,0
4월8일,대전,0,0,0
4월9일,대전,0,0,0
4월10일,대전,0,1,0
4월11일,대전,0,1,0
4월12일,대전,0,1,0
4월13일,대전,0,0,0
4월14일,대전,0,1,0
4월15일,대전,0,0,0
4월16일,대전,0,1,0
4월17일,대전,1,0,0
4월18일,대전,-1,0,0
4월19일,대전,0,0,0
4월20일,대전,0,1,0
4월21일,대전,0,0,0
4월22일,대전,1,1,0
4월23일,대전,0,2,0
4월24일,대전,0,1,0
4월25일,대전,0,2,0
4월26일,대전,0,2,0
4월27일,대전,0,0,0
4월28일,대전,0,1,0
4월29일,대전,0,0,0
4월30일,대전,0,0,0
5월1일,대전,0,0,0
5월2일,대전,0,1,0
5월3일,대전,0,0,0
5월4일,대전,0,0,1
5월5일,대전,0,0,0
5월6일,대전,0,2,0
5월7일,대전,1,0,0
5월8일,대전,0,0,0
5월9일,대전,0,0,0
5월10일,대전,0,0,0
5월11일,대전,0,0,0
5월12일,대전,2,0,0
5월13일,대전,0,0,0
5월14일,대전,0,1,0
5월15일,대전,0,0,0
5월16일,대전,0,0,0
5월17일,대전,1,0,0
5월18일,대전,0,0,0
5월19일,대전,0,0,0
5월20일,대전,0,0,0
5월21일,대전,0,0,0
5월22일,대전,0,0,0
5월23일,대전,1,1,0
5월24일,대전,0,0,0
5월25일,대전,0,0,0
5월26일,대전,0,0,0
5월27일,대전,0,0,0
5월28일,대전,0,0,0
5월29일,대전,0,2,0
5월30일,대전,0,0,0
5월31일,대전,1,0,0
6월1일,대전,0,0,0
6월2일,대전,0,0,0
6월3일,대전,0,0,0
6월4일,대전,0,0,0
6월5일,대전,0,0,0
6월6일,대전,0,0,0
6월7일,대전,0,0,0
6월8일,대전,0,1,0
6월9일,대전,0,0,0
6월10일,대전,0,0,0
6월11일,대전,0,0,0
6월12일,대전,0,0,0
6월13일,대전,0,0,0
6월14일,대전,0,0,0
6월15일,대전,0,0,0
6월16일,대전,3,0,0
6월17일,대전,5,0,0
6월18일,대전,7,1,0
6월19일,대전,6,0,0
6월20일,대전,5,0,0
6월21일,대전,10,0,0
6월22일,대전,0,0,0
6월23일,대전,4,0,0
6월24일,대전,8,0,0
6월25일,대전,4,0,0
6월26일,대전,4,0,0
6월27일,대전,2,0,0
6월28일,대전,6,0,0
6월29일,대전,2,0,0
6월30일,대전,5,0,0
1월20일,부산,0,0,0
1월21일,부산,0,0,0
1월22일,부산,0,0,0
1월23일,부산,0,0,0
1월24일,부산,0,0,0
1월25일,부산,0,0,0
1월26일,부산,0,0,0
1월27일,부산,0,0,0
1월28일,부산,0,0,0
1월29일,부산,0,0,0
1월30일,부산,0,0,0
1월31일,부산,0,0,0
2월1일,부산,0,0,0
2월2일,부산,0,0,0
2월3일,부산,0,0,0
2월4일,부산,0,0,0
2월5일,부산,0,0,0
2월6일,부산,0,0,0
2월7일,부산,0,0,0
2월8일,부산,0,0,0
2월9일,부산,0,0,0
2월10일,부산,0,0,0
2월11일,부산,0,0,0
2월12일,부산,0,0,0
2월13일,부산,0,0,0
2월14일,부산,0,0,0
2월15일,부산,0,0,0
2월16일,부산,0,0,0
2월17일,부산,0,0,0
2월18일,부산,0,0,0
2월19일,부산,0,0,0
2월20일,부산,8,0,0
2월21일,부산,0,0,0
2월22일,부산,3,0,0
2월23일,부산,8,0,0
2월24일,부산,15,0,0
2월25일,부산,8,0,0
2월26일,부산,16,0,0
2월27일,부산,3,0,0
2월28일,부산,4,0,0
2월29일,부산,15,0,0
3월1일,부산,3,0,0
3월2일,부산,5,1,0
3월3일,부산,2,0,0
3월4일,부산,2,1,0
3월5일,부산,0,0,0
3월6일,부산,3,0,0
3월7일,부산,1,0,0
3월8일,부산,0,7,0
3월9일,부산,0,1,0
3월10일,부산,0,0,0
3월11일,부산,2,11,0
3월12일,부산,1,8,0
3월13일,부산,1,7,0
3월14일,부산,3,4,0
3월15일,부산,3,12,1
3월16일,부산,1,1,0
3월17일,부산,0,1,0
3월18일,부산,0,4,0
3월19일,부산,0,0,0
3월20일,부산,1,2,0
3월21일,부산,0,7,0
3월22일,부산,0,2,0
3월23일,부산,1,2,0
3월24일,부산,2,0,0
3월25일,부산,1,2,0
3월26일,부산,0,2,1
3월27일,부산,1,6,0
3월28일,부산,1,0,0
3월29일,부산,3,4,1
3월30일,부산,1,2,0
3월31일,부산,1,0,0
4월1일,부산,3,0,0
4월2일,부산,0,0,0
4월3일,부산,0,1,0
4월4일,부산,0,2,0
4월5일,부산,0,0,0
4월6일,부산,0,1,0
4월7일,부산,1,0,0
4월8일,부산,2,3,0
4월9일,부산,0,3,0
4월10일,부산,1,1,0
4월11일,부산,0,2,0
4월12일,부산,0,3,0
4월13일,부산,0,0,0
4월14일,부산,0,0,0
4월15일,부산,1,4,0
4월16일,부산,3,4,0
4월17일,부산,0,1,0
4월18일,부산,0,0,0
4월19일,부산,0,3,0
4월20일,부산,2,0,0
4월21일,부산,0,0,0
4월22일,부산,2,0,0
4월23일,부산,1,1,0
4월24일,부산,1,0,0
4월25일,부산,0,0,0
4월26일,부산,1,0,0
4월27일,부산,0,1,0
4월28일,부산,0,-1,0
4월29일,부산,0,0,0
4월30일,부산,0,0,0
5월1일,부산,0,0,0
5월2일,부산,1,1,0
5월3일,부산,0,0,0
5월4일,부산,0,0,0
5월5일,부산,0,0,0
5월6일,부산,0,2,0
5월7일,부산,0,1,0
5월8일,부산,2,3,0
5월9일,부산,1,2,0
5월10일,부산,0,0,0
5월11일,부산,0,0,0
5월12일,부산,0,0,0
5월13일,부산,3,1,0
5월14일,부산,0,1,0
5월15일,부산,0,0,0
5월16일,부산,0,3,0
5월17일,부산,0,0,0
5월18일,부산,0,0,0
5월19일,부산,0,0,0
5월20일,부산,0,1,0
5월21일,부산,0,0,0
5월22일,부산,0,0,0
5월23일,부산,0,0,0
5월24일,부산,0,0,0
5월25일,부산,0,0,0
5월26일,부산,0,0,0
5월27일,부산,0,4,0
5월28일,부산,1,1,0
5월29일,부산,0,0,0
5월30일,부산,1,2,0
5월31일,부산,1,0,0
6월1일,부산,0,0,0
6월2일,부산,0,0,0
6월3일,부산,0,0,0
6월4일,부산,0,0,0
6월5일,부산,0,0,0
6월6일,부산,0,1,0
6월7일,부산,0,1,0
6월8일,부산,0,1,0
6월9일,부산,0,0,0
6월10일,부산,0,0,0
6월11일,부산,0,0,0
6월12일,부산,0,0,0
6월13일,부산,0,1,0
6월14일,부산,0,0,0
6월15일,부산,0,0,0
6월16일,부산,1,0,0
6월17일,부산,0,0,0
6월18일,부산,0,0,0
6월19일,부산,0,0,0
6월20일,부산,2,0,0
6월21일,부산,0,0,0
6월22일,부산,0,0,0
6월23일,부산,0,0,0
6월24일,부산,2,0,0
6월25일,부산,0,0,0
6월26일,부산,0,0,0
6월27일,부산,0,0,0
6월28일,부산,0,1,0
6월29일,부산,1,0,0
6월30일,부산,1,-1,0
1월20일,서울,0,0,0
1월21일,서울,0,0,0
1월22일,서울,0,0,0
1월23일,서울,0,0,0
1월24일,서울,0,0,0
1월25일,서울,0,0,0
1월26일,서울,0,0,0
1월27일,서울,1,0,0
1월28일,서울,0,0,0
1월29일,서울,0,0,0
1월30일,서울,2,0,0
1월31일,서울,1,0,0
2월1일,서울,0,0,0
2월2일,서울,1,0,0
2월3일,서울,0,0,0
2월4일,서울,0,0,0
2월5일,서울,0,1,0
2월6일,서울,5,0,0
2월7일,서울,1,0,0
2월8일,서울,0,0,0
2월9일,서울,3,0,0
2월10일,서울,0,0,0
2월11일,서울,0,1,0
2월12일,서울,0,0,0
2월13일,서울,0,0,0
2월14일,서울,0,0,0
2월15일,서울,0,0,0
2월16일,서울,0,1,0
2월17일,서울,0,0,0
2월18일,서울,0,0,0
2월19일,서울,6,0,0
2월20일,서울,2,2,0
2월21일,서울,5,0,0
2월22일,서울,3,1,0
2월23일,서울,1,0,0
2월24일,서울,4,0,0
2월25일,서울,6,2,0
2월26일,서울,8,0,0
2월27일,서울,7,0,0
2월28일,서울,6,1,0
2월29일,서울,15,0,0
3월1일,서울,10,2,0
3월2일,서울,4,1,0
3월3일,서울,7,1,0
3월4일,서울,1,6,0
3월5일,서울,4,6,0
3월6일,서울,2,0,0
3월7일,서울,3,2,0
3월8일,서울,12,1,0
3월9일,서울,10,1,0
3월10일,서울,11,2,0
3월11일,서울,52,6,0
3월12일,서울,19,1,0
3월13일,서울,13,2,0
3월14일,서울,13,4,0
3월15일,서울,9,3,0
3월16일,서울,6,5,0
3월17일,서울,12,3,0
3월18일,서울,5,0,0
3월19일,서울,12,3,0
3월20일,서울,17,6,0
3월21일,서울,15,0,0
3월22일,서울,10,0,0
3월23일,서울,6,0,0
3월24일,서울,4,8,0
3월25일,서울,13,0,0
3월26일,서울,13,8,0
3월27일,서울,12,9,0
3월28일,서울,18,4,0
3월29일,서울,20,0,0
3월30일,서울,16,-1,0
3월31일,서울,24,15,0
4월1일,서울,24,10,0
4월2일,서울,14,10,0
4월3일,서울,18,4,0
4월4일,서울,22,13,0
4월5일,서울,24,1,0
4월6일,서울,11,6,0
4월7일,서울,4,13,0
4월8일,서울,11,5,2
4월9일,서울,12,5,0
4월10일,서울,5,11,0
4월11일,서울,4,10,0
4월12일,서울,3,7,0
4월13일,서울,8,12,0
4월14일,서울,2,14,0
4월15일,서울,5,11,0
4월16일,서울,2,11,0
4월17일,서울,2,18,0
4월18일,서울,1,6,0
4월19일,서울,2,14,0
4월20일,서울,0,16,0
4월21일,서울,2,11,0
4월22일,서울,2,7,0
4월23일,서울,0,20,0
4월24일,서울,0,20,0
4월25일,서울,1,21,0
4월26일,서울,0,5,0
4월27일,서울,0,5,0
4월28일,서울,4,34,0
4월29일,서울,0,10,0
4월30일,서울,0,16,0
5월1일,서울,1,2,0
5월2일,서울,1,8,0
5월3일,서울,2,10,0
5월4일,서울,0,8,0
5월5일,서울,0,8,0
5월6일,서울,0,5,0
5월7일,서울,0,14,0
5월8일,서울,0,12,0
5월9일,서울,12,16,0
5월10일,서울,14,5,0
5월11일,서울,20,4,0
5월12일,서울,12,9,0
5월13일,서울,12,4,1
5월14일,서울,4,6,1
5월15일,서울,14,5,0
5월16일,서울,5,5,0
5월17일,서울,5,1,0
5월18일,서울,1,4,0
5월19일,서울,6,8,0
5월20일,서울,10,5,0
5월21일,서울,4,4,0
5월22일,서울,2,3,0
5월23일,서울,4,5,0
5월24일,서울,6,0,0
5월25일,서울,6,3,0
5월26일,서울,9,7,0
5월27일,서울,19,4,0
5월28일,서울,24,3,0
5월29일,서울,20,2,0
5월30일,서울,9,4,0
5월31일,서울,6,0,0
6월1일,서울,1,0,0
6월2일,서울,14,11,0
6월3일,서울,19,1,0
6월4일,서울,14,5,0
6월5일,서울,15,1,0
6월6일,서울,23,5,0
6월7일,서울,27,1,0
6월8일,서울,22,0,0
6월9일,서울,19,13,0
6월10일,서울,12,1,0
6월11일,서울,21,10,0
6월12일,서울,25,5,0
6월13일,서울,28,8,0
6월14일,서울,12,1,0
6월15일,서울,7,0,0
6월16일,서울,12,14,0
6월17일,서울,13,7,1
6월18일,서울,25,8,1
6월19일,서울,18,6,0
6월20일,서울,14,6,0
6월21일,서울,17,3,0
6월22일,서울,5,0,0
6월23일,서울,6,10,0
6월24일,서울,11,4,0
6월25일,서울,9,14,1
6월26일,서울,17,82,0
6월27일,서울,17,68,0
6월28일,서울,14,12,0
6월29일,서울,7,19,0
6월30일,서울,7,43,0
1월20일,세종,0,0,0
1월21일,세종,0,0,0
1월22일,세종,0,0,0
1월23일,세종,0,0,0
1월24일,세종,0,0,0
1월25일,세종,0,0,0
1월26일,세종,0,0,0
1월27일,세종,0,0,0
1월28일,세종,0,0,0
1월29일,세종,0,0,0
1월30일,세종,0,0,0
1월31일,세종,0,0,0
2월1일,세종,0,0,0
2월2일,세종,0,0,0
2월3일,세종,0,0,0
2월4일,세종,0,0,0
2월5일,세종,0,0,0
2월6일,세종,0,0,0
2월7일,세종,0,0,0
2월8일,세종,0,0,0
2월9일,세종,0,0,0
2월10일,세종,0,0,0
2월11일,세종,0,0,0
2월12일,세종,0,0,0
2월13일,세종,0,0,0
2월14일,세종,0,0,0
2월15일,세종,0,0,0
2월16일,세종,0,0,0
2월17일,세종,0,0,0
2월18일,세종,0,0,0
2월19일,세종,0,0,0
2월20일,세종,0,0,0
2월21일,세종,0,0,0
2월22일,세종,1,0,0
2월23일,세종,0,0,0
2월24일,세종,0,0,0
2월25일,세종,0,0,0
2월26일,세종,0,0,0
2월27일,세종,0,0,0
2월28일,세종,0,0,0
2월29일,세종,0,0,0
3월1일,세종,0,0,0
3월2일,세종,0,0,0
3월3일,세종,0,0,0
3월4일,세종,0,0,0
3월5일,세종,0,0,0
3월6일,세종,0,0,0
3월7일,세종,1,0,0
3월8일,세종,1,0,0
3월9일,세종,3,0,0
3월10일,세종,2,0,0
3월11일,세종,2,0,0
3월12일,세종,5,0,0
3월13일,세종,17,0,0
3월14일,세종,6,0,0
3월15일,세종,1,0,0
3월16일,세종,1,0,0
3월17일,세종,0,0,0
3월18일,세종,1,0,0
3월19일,세종,0,0,0
3월20일,세종,0,0,0
3월21일,세종,0,2,0
3월22일,세종,0,1,0
3월23일,세종,1,0,0
3월24일,세종,0,0,0
3월25일,세종,2,0,0
3월26일,세종,0,5,0
3월27일,세종,0,1,0
3월28일,세종,0,0,0
3월29일,세종,2,2,0
3월30일,세종,0,1,0
3월31일,세종,0,0,0
4월1일,세종,0,0,0
4월2일,세종,0,0,0
4월3일,세종,0,0,0
4월4일,세종,0,3,0
4월5일,세종,0,0,0
4월6일,세종,0,2,0
4월7일,세종,0,0,0
4월8일,세종,0,-3,0
4월9일,세종,0,2,0
4월10일,세종,0,4,0
4월11일,세종,0,0,0
4월12일,세종,0,2,0
4월13일,세종,0,0,0
4월14일,세종,0,-1,0
4월15일,세종,0,0,0
4월16일,세종,0,0,0
4월17일,세종,0,3,0
4월18일,세종,0,1,0
4월19일,세종,0,4,0
4월20일,세종,0,0,0
4월21일,세종,0,0,0
4월22일,세종,0,4,0
4월23일,세종,0,1,0
4월24일,세종,0,0,0
4월25일,세종,0,1,0
4월26일,세종,0,0,0
4월27일,세종,0,0,0
4월28일,세종,0,0,0
4월29일,세종,0,1,0
4월30일,세종,0,2,0
5월1일,세종,0,1,0
5월2일,세종,0,2,0
5월3일,세종,0,1,0
5월4일,세종,0,2,0
5월5일,세종,0,1,0
5월6일,세종,0,0,0
5월7일,세종,0,0,0
5월8일,세종,0,0,0
5월9일,세종,0,0,0
5월10일,세종,0,0,0
5월11일,세종,1,0,0
5월12일,세종,0,0,0
5월13일,세종,0,1,0
5월14일,세종,0,0,0
5월15일,세종,0,1,0
5월16일,세종,0,0,0
5월17일,세종,0,0,0
5월18일,세종,0,0,0
5월19일,세종,0,-1,0
5월20일,세종,0,1,0
5월21일,세종,0,0,0
5월22일,세종,0,0,0
5월23일,세종,0,0,0
5월24일,세종,0,0,0
5월25일,세종,0,0,0
5월26일,세종,0,0,0
5월27일,세종,0,0,0
5월28일,세종,0,0,0
5월29일,세종,0,0,0
5월30일,세종,0,0,0
5월31일,세종,0,0,0
6월1일,세종,0,0,0
6월2일,세종,0,0,0
6월3일,세종,0,0,0
6월4일,세종,0,0,0
6월5일,세종,0,0,0
6월6일,세종,0,0,0
6월7일,세종,0,0,0
6월8일,세종,0,0,0
6월9일,세종,0,0,0
6월10일,세종,0,0,0
6월11일,세종,0,0,0
6월12일,세종,0,0,0
6월13일,세종,0,0,0
6월14일,세종,0,0,0
6월15일,세종,0,0,0
6월16일,세종,0,0,0
6월17일,세종,0,0,0
6월18일,세종,1,0,0
6월19일,세종,0,0,0
6월20일,세종,0,0,0
6월21일,세종,1,0,0
6월22일,세종,0,0,0
6월23일,세종,0,0,0
6월24일,세종,0,0,0
6월25일,세종,0,0,0
6월26일,세종,0,0,0
6월27일,세종,0,0,0
6월28일,세종,0,0,0
6월29일,세종,0,0,0
6월30일,세종,1,0,0
1월20일,울산,0,0,0
1월21일,울산,0,0,0
1월22일,울산,0,0,0
1월23일,울산,0,0,0
1월24일,울산,0,0,0
1월25일,울산,0,0,0
1월26일,울산,0,0,0
1월27일,울산,0,0,0
1월28일,울산,0,0,0
1월29일,울산,0,0,0
1월30일,울산,0,0,0
1월31일,울산,0,0,0
2월1일,울산,0,0,0
2월2일,울산,0,0,0
2월3일,울산,0,0,0
2월4일,울산,0,0,0
2월5일,울산,0,0,0
2월6일,울산,0,0,0
2월7일,울산,0,0,0
2월8일,울산,0,0,0
2월9일,울산,0,0,0
2월10일,울산,0,0,0
2월11일,울산,0,0,0
2월12일,울산,0,0,0
2월13일,울산,0,0,0
2월14일,울산,0,0,0
2월15일,울산,0,0,0
2월16일,울산,0,0,0
2월17일,울산,0,0,0
2월18일,울산,0,0,0
2월19일,울산,0,0,0
2월20일,울산,0,0,0
2월21일,울산,0,0,0
2월22일,울산,1,0,0
2월23일,울산,0,0,0
2월24일,울산,1,0,0
2월25일,울산,1,0,0
2월26일,울산,1,0,0
2월27일,울산,7,0,0
2월28일,울산,3,0,0
2월29일,울산,3,0,0
3월1일,울산,3,0,0
3월2일,울산,0,0,0
3월3일,울산,0,0,0
3월4일,울산,3,0,0
3월5일,울산,0,0,0
3월6일,울산,0,1,0
3월7일,울산,0,0,0
3월8일,울산,1,0,0
3월9일,울산,0,0,0
3월10일,울산,0,0,0
3월11일,울산,1,1,0
3월12일,울산,0,1,0
3월13일,울산,2,0,0
3월14일,울산,0,2,0
3월15일,울산,1,1,0
3월16일,울산,0,1,0
3월17일,울산,0,1,0
3월18일,울산,2,1,0
3월19일,울산,6,0,0
3월20일,울산,0,2,0
3월21일,울산,0,0,0
3월22일,울산,0,1,0
3월23일,울산,0,5,0
3월24일,울산,0,1,0
3월25일,울산,1,1,0
3월26일,울산,0,1,0
3월27일,울산,2,0,0
3월28일,울산,0,-1,0
3월29일,울산,0,0,0
3월30일,울산,0,0,0
3월31일,울산,0,0,0
4월1일,울산,0,1,1
4월2일,울산,1,1,0
4월3일,울산,0,0,0
4월4일,울산,0,3,0
4월5일,울산,0,3,0
4월6일,울산,0,0,0
4월7일,울산,0,1,0
4월8일,울산,0,0,0
4월9일,울산,0,0,0
4월10일,울산,0,0,0
4월11일,울산,1,2,0
4월12일,울산,0,2,0
4월13일,울산,0,1,0
4월14일,울산,1,0,0
4월15일,울산,0,0,0
4월16일,울산,0,1,0
4월17일,울산,0,0,0
4월18일,울산,0,0,0
4월19일,울산,0,0,0
4월20일,울산,1,0,0
4월21일,울산,0,1,0
4월22일,울산,0,0,0
4월23일,울산,0,1,0
4월24일,울산,0,0,0
4월25일,울산,0,0,0
4월26일,울산,0,0,0
4월27일,울산,0,0,0
4월28일,울산,0,0,0
4월29일,울산,0,1,0
4월30일,울산,0,0,0
5월1일,울산,0,0,0
5월2일,울산,0,0,0
5월3일,울산,0,0,0
5월4일,울산,1,0,0
5월5일,울산,0,1,0
5월6일,울산,0,-1,0
5월7일,울산,0,0,0
5월8일,울산,0,0,0
5월9일,울산,0,1,0
5월10일,울산,0,0,0
5월11일,울산,0,0,0
5월12일,울산,0,2,0
5월13일,울산,1,1,0
5월14일,울산,0,0,0
5월15일,울산,0,-2,0
5월16일,울산,0,1,0
5월17일,울산,0,1,0
5월18일,울산,0,0,0
5월19일,울산,4,0,0
5월20일,울산,0,1,0
5월21일,울산,0,0,0
5월22일,울산,1,0,0
5월23일,울산,0,0,0
5월24일,울산,0,0,0
5월25일,울산,0,0,0
5월26일,울산,0,0,0
5월27일,울산,0,0,0
5월28일,울산,0,2,0
5월29일,울산,0,0,0
5월30일,울산,0,0,0
5월31일,울산,2,1,0
6월1일,울산,0,0,0
6월2일,울산,0,0,0
6월3일,울산,0,0,0
6월4일,울산,0,1,0
6월5일,울산,0,0,0
6월6일,울산,0,0,0
6월7일,울산,1,0,0
6월8일,울산,0,0,0
6월9일,울산,0,0,0
6월10일,울산,0,1,0
6월11일,울산,0,0,0
6월12일,울산,0,0,0
6월13일,울산,0,0,0
6월14일,울산,0,0,0
6월15일,울산,0,0,0
6월16일,울산,0,0,0
6월17일,울산,0,0,0
6월18일,울산,0,1,0
6월19일,울산,0,0,0
6월20일,울산,0,0,0
6월21일,울산,0,0,0
6월22일,울산,0,0,0
6월23일,울산,0,0,0
6월24일,울산,2,0,0
6월25일,울산,0,0,0
6월26일,울산,0,1,0
6월27일,울산,0,1,0
6월28일,울산,0,0,0
6월29일,울산,0,0,0
6월30일,울산,0,0,0
1월20일,인천,1,0,0
1월21일,인천,0,0,0
1월22일,인천,0,0,0
1월23일,인천,0,0,0
1월24일,인천,0,0,0
1월25일,인천,0,0,0
1월26일,인천,0,0,0
1월27일,인천,0,0,0
1월28일,인천,0,0,0
1월29일,인천,0,0,0
1월30일,인천,0,0,0
1월31일,인천,0,0,0
2월1일,인천,0,0,0
2월2일,인천,0,0,0
2월3일,인천,0,0,0
2월4일,인천,0,0,0
2월5일,인천,0,0,0
2월6일,인천,0,1,0
2월7일,인천,0,0,0
2월8일,인천,0,0,0
2월9일,인천,0,0,0
2월10일,인천,0,0,0
2월11일,인천,0,0,0
2월12일,인천,0,0,0
2월13일,인천,0,0,0
2월14일,인천,0,0,0
2월15일,인천,0,0,0
2월16일,인천,0,0,0
2월17일,인천,0,0,0
2월18일,인천,0,0,0
2월19일,인천,1,0,0
2월20일,인천,0,0,0
2월21일,인천,0,0,0
2월22일,인천,0,0,0
2월23일,인천,0,0,0
2월24일,인천,0,0,0
2월25일,인천,0,0,0
2월26일,인천,1,0,0
2월27일,인천,0,0,0
2월28일,인천,1,0,0
2월29일,인천,2,0,0
3월1일,인천,0,0,0
3월2일,인천,1,0,0
3월3일,인천,0,0,0
3월4일,인천,2,1,0
3월5일,인천,0,0,0
3월6일,인천,0,0,0
3월7일,인천,0,0,0
3월8일,인천,0,0,0
3월9일,인천,0,0,0
3월10일,인천,4,1,0
3월11일,인천,12,0,0
3월12일,인천,0,1,0
3월13일,인천,2,0,0
3월14일,인천,1,0,0
3월15일,인천,2,0,0
3월16일,인천,0,0,0
3월17일,인천,1,1,0
3월18일,인천,1,0,0
3월19일,인천,0,1,0
3월20일,인천,4,1,0
3월21일,인천,4,0,0
3월22일,인천,0,1,0
3월23일,인천,0,0,0
3월24일,인천,1,0,0
3월25일,인천,1,2,0
3월26일,인천,1,1,0
3월27일,인천,3,2,0
3월28일,인천,5,1,0
3월29일,인천,7,1,0
3월30일,인천,0,0,0
3월31일,인천,6,1,0
4월1일,인천,5,3,0
4월2일,인천,4,1,0
4월3일,인천,1,1,0
4월4일,인천,3,1,0
4월5일,인천,2,3,0
4월6일,인천,1,2,0
4월7일,인천,0,0,0
4월8일,인천,4,0,0
4월9일,인천,0,4,0
4월10일,인천,1,3,0
4월11일,인천,0,1,0
4월12일,인천,1,3,0
4월13일,인천,1,1,0
4월14일,인천,1,3,0
4월15일,인천,0,6,0
4월16일,인천,0,3,0
4월17일,인천,1,0,0
4월18일,인천,1,4,0
4월19일,인천,1,0,0
4월20일,인천,1,1,0
4월21일,인천,0,0,0
4월22일,인천,0,1,0
4월23일,인천,0,-1,0
4월24일,인천,0,-2,0
4월25일,인천,0,1,0
4월26일,인천,0,2,0
4월27일,인천,0,1,0
4월28일,인천,1,5,0
4월29일,인천,0,3,0
4월30일,인천,0,2,0
5월1일,인천,1,1,0
5월2일,인천,1,1,0
5월3일,인천,0,2,0
5월4일,인천,1,0,0
5월5일,인천,1,-1,0
5월6일,인천,0,1,0
5월7일,인천,0,0,0
5월8일,인천,0,3,0
5월9일,인천,1,3,0
5월10일,인천,3,2,0
5월11일,인천,3,2,0
5월12일,인천,1,0,0
5월13일,인천,2,4,0
5월14일,인천,12,-1,0
5월15일,인천,5,0,0
5월16일,인천,0,0,0
5월17일,인천,0,0,0
5월18일,인천,0,1,0
5월19일,인천,2,1,0
5월20일,인천,8,1,0
5월21일,인천,6,1,0
5월22일,인천,1,1,0
5월23일,인천,0,1,0
5월24일,인천,2,1,0
5월25일,인천,1,0,0
5월26일,인천,3,1,0
5월27일,인천,11,0,0
5월28일,인천,22,0,0
5월29일,인천,18,0,0
5월30일,인천,5,1,0
5월31일,인천,3,0,0
6월1일,인천,18,4,0
6월2일,인천,8,0,0
6월3일,인천,17,0,0
6월4일,인천,7,7,0
6월5일,인천,6,2,0
6월6일,인천,11,3,0
6월7일,인천,6,8,0
6월8일,인천,4,0,0
6월9일,인천,3,3,0
6월10일,인천,8,6,0
6월11일,인천,6,9,0
6월12일,인천,1,4,0
6월13일,인천,1,1,0
6월14일,인천,8,6,0
6월15일,인천,8,2,0
6월16일,인천,2,3,1
6월17일,인천,2,0,0
6월18일,인천,1,6,0
6월19일,인천,0,3,0
6월20일,인천,5,4,0
6월21일,인천,0,2,0
6월22일,인천,1,2,0
6월23일,인천,1,1,0
6월24일,인천,3,4,0
6월25일,인천,1,8,0
6월26일,인천,2,49,0
6월27일,인천,1,19,1
6월28일,인천,0,14,-1
6월29일,인천,1,20,0
6월30일,인천,3,6,0
1월20일,전라남도,0,0,0
1월21일,전라남도,0,0,0
1월22일,전라남도,0,0,0
1월23일,전라남도,0,0,0
1월24일,전라남도,0,0,0
1월25일,전라남도,0,0,0
1월26일,전라남도,0,0,0
1월27일,전라남도,0,0,0
1월28일,전라남도,0,0,0
1월29일,전라남도,0,0,0
1월30일,전라남도,0,0,0
1월31일,전라남도,0,0,0
2월1일,전라남도,0,0,0
2월2일,전라남도,0,0,0
2월3일,전라남도,0,0,0
2월4일,전라남도,0,0,0
2월5일,전라남도,0,0,0
2월6일,전라남도,0,0,0
2월7일,전라남도,0,0,0
2월8일,전라남도,0,0,0
2월9일,전라남도,0,0,0
2월10일,전라남도,0,0,0
2월11일,전라남도,0,0,0
2월12일,전라남도,0,0,0
2월13일,전라남도,0,0,0
2월14일,전라남도,0,0,0
2월15일,전라남도,0,0,0
2월16일,전라남도,0,0,0
2월17일,전라남도,0,0,0
2월18일,전라남도,0,0,0
2월19일,전라남도,0,0,0
2월20일,전라남도,0,0,0
2월21일,전라남도,0,0,0
2월22일,전라남도,1,0,0
2월23일,전라남도,0,0,0
2월24일,전라남도,0,0,0
2월25일,전라남도,0,0,0
2월26일,전라남도,0,0,0
2월27일,전라남도,0,0,0
2월28일,전라남도,0,0,0
2월29일,전라남도,2,0,0
3월1일,전라남도,0,0,0
3월2일,전라남도,2,0,0
3월3일,전라남도,0,0,0
3월4일,전라남도,-1,0,0
3월5일,전라남도,0,0,0
3월6일,전라남도,0,0,0
3월7일,전라남도,0,0,0
3월8일,전라남도,0,0,0
3월9일,전라남도,0,1,0
3월10일,전라남도,0,0,0
3월11일,전라남도,0,0,0
3월12일,전라남도,0,0,0
3월13일,전라남도,0,0,0
3월14일,전라남도,0,1,0
3월15일,전라남도,0,0,0
3월16일,전라남도,0,0,0
3월17일,전라남도,0,0,0
3월18일,전라남도,1,0,0
3월19일,전라남도,0,1,0
3월20일,전라남도,0,0,0
3월21일,전라남도,0,0,0
3월22일,전라남도,1,0,0
3월23일,전라남도,0,0,0
3월24일,전라남도,0,0,0
3월25일,전라남도,2,0,0
3월26일,전라남도,0,0,0
3월27일,전라남도,0,0,0
3월28일,전라남도,0,0,0
3월29일,전라남도,1,0,0
3월30일,전라남도,0,0,0
3월31일,전라남도,0,0,0
4월1일,전라남도,3,0,0
4월2일,전라남도,2,0,0
4월3일,전라남도,1,0,0
4월4일,전라남도,0,1,0
4월5일,전라남도,0,0,0
4월6일,전라남도,0,0,0
4월7일,전라남도,0,0,0
4월8일,전라남도,0,0,0
4월9일,전라남도,0,0,0
4월10일,전라남도,0,0,0
4월11일,전라남도,0,1,0
4월12일,전라남도,0,0,0
4월13일,전라남도,0,1,0
4월14일,전라남도,0,0,0
4월15일,전라남도,0,1,0
4월16일,전라남도,0,0,0
4월17일,전라남도,0,0,0
4월18일,전라남도,0,0,0
4월19일,전라남도,0,1,0
4월20일,전라남도,0,0,0
4월21일,전라남도,0,0,0
4월22일,전라남도,0,0,0
4월23일,전라남도,0,0,0
4월24일,전라남도,0,0,0
4월25일,전라남도,0,0,0
4월26일,전라남도,0,1,0
4월27일,전라남도,0,0,0
4월28일,전라남도,0,1,0
4월29일,전라남도,0,0,0
4월30일,전라남도,0,1,0
5월1일,전라남도,0,1,0
5월2일,전라남도,0,0,0
5월3일,전라남도,0,0,0
5월4일,전라남도,1,0,0
5월5일,전라남도,0,0,0
5월6일,전라남도,0,0,0
5월7일,전라남도,0,0,0
5월8일,전라남도,0,0,0
5월9일,전라남도,0,0,0
5월10일,전라남도,0,0,0
5월11일,전라남도,0,0,0
5월12일,전라남도,0,0,0
5월13일,전라남도,0,0,0
5월14일,전라남도,1,1,0
5월15일,전라남도,1,0,0
5월16일,전라남도,0,0,0
5월17일,전라남도,0,0,0
5월18일,전라남도,0,1,0
5월19일,전라남도,0,-1,0
5월20일,전라남도,0,1,0
5월21일,전라남도,0,2,0
5월22일,전라남도,0,0,0
5월23일,전라남도,0,0,0
5월24일,전라남도,0,1,0
5월25일,전라남도,0,0,0
5월26일,전라남도,0,0,0
5월27일,전라남도,0,0,0
5월28일,전라남도,0,0,0
5월29일,전라남도,0,0,0
5월30일,전라남도,1,0,0
5월31일,전라남도,0,0,0
6월1일,전라남도,1,0,0
6월2일,전라남도,0,0,0
6월3일,전라남도,0,0,0
6월4일,전라남도,0,0,0
6월5일,전라남도,0,0,0
6월6일,전라남도,0,0,0
6월7일,전라남도,0,0,0
6월8일,전라남도,0,0,0
6월9일,전라남도,0,0,0
6월10일,전라남도,0,1,0
6월11일,전라남도,0,0,0
6월12일,전라남도,0,0,0
6월13일,전라남도,0,0,0
6월14일,전라남도,0,0,0
6월15일,전라남도,0,0,0
6월16일,전라남도,0,0,0
6월17일,전라남도,0,0,0
6월18일,전라남도,0,0,0
6월19일,전라남도,0,0,0
6월20일,전라남도,0,0,0
6월21일,전라남도,0,0,0
6월22일,전라남도,0,0,0
6월23일,전라남도,0,0,0
6월24일,전라남도,0,0,0
6월25일,전라남도,0,0,0
6월26일,전라남도,0,0,0
6월27일,전라남도,0,1,0
6월28일,전라남도,3,0,0
6월29일,전라남도,1,0,0
6월30일,전라남도,0,0,0
1월20일,전라북도,0,0,0
1월21일,전라북도,0,0,0
1월22일,전라북도,0,0,0
1월23일,전라북도,0,0,0
1월24일,전라북도,0,0,0
1월25일,전라북도,0,0,0
1월26일,전라북도,0,0,0
1월27일,전라북도,0,0,0
1월28일,전라북도,0,0,0
1월29일,전라북도,0,0,0
1월30일,전라북도,0,0,0
1월31일,전라북도,1,0,0
2월1일,전라북도,0,0,0
2월2일,전라북도,0,0,0
2월3일,전라북도,0,0,0
2월4일,전라북도,0,0,0
2월5일,전라북도,0,0,0
2월6일,전라북도,0,0,0
2월7일,전라북도,0,0,0
2월8일,전라북도,0,0,0
2월9일,전라북도,0,0,0
2월10일,전라북도,0,0,0
2월11일,전라북도,0,0,0
2월12일,전라북도,0,0,0
2월13일,전라북도,0,1,0
2월14일,전라북도,0,0,0
2월15일,전라북도,0,0,0
2월16일,전라북도,0,0,0
2월17일,전라북도,0,0,0
2월18일,전라북도,0,0,0
2월19일,전라북도,0,0,0
2월20일,전라북도,0,0,0
2월21일,전라북도,1,0,0
2월22일,전라북도,1,0,0
2월23일,전라북도,0,0,0
2월24일,전라북도,0,0,0
2월25일,전라북도,0,0,0
2월26일,전라북도,0,0,0
2월27일,전라북도,2,0,0
2월28일,전라북도,0,0,0
2월29일,전라북도,0,0,0
3월1일,전라북도,1,0,0
3월2일,전라북도,0,0,0
3월3일,전라북도,1,0,0
3월4일,전라북도,0,0,0
3월5일,전라북도,0,1,0
3월6일,전라북도,0,0,0
3월7일,전라북도,0,0,0
3월8일,전라북도,0,0,0
3월9일,전라북도,0,0,0
3월10일,전라북도,0,0,0
3월11일,전라북도,0,0,0
3월12일,전라북도,0,0,0
3월13일,전라북도,0,2,0
3월14일,전라북도,0,0,0
3월15일,전라북도,0,0,0
3월16일,전라북도,0,0,0
3월17일,전라북도,0,0,0
3월18일,전라북도,2,1,0
3월19일,전라북도,1,0,0
3월20일,전라북도,0,2,0
3월21일,전라북도,0,0,0
3월22일,전라북도,0,0,0
3월23일,전라북도,0,0,0
3월24일,전라북도,0,0,0
3월25일,전라북도,0,0,0
3월26일,전라북도,0,0,0
3월27일,전라북도,0,0,0
3월28일,전라북도,0,0,0
3월29일,전라북도,2,0,0
3월30일,전라북도,1,0,0
3월31일,전라북도,0,0,0
4월1일,전라북도,1,0,0
4월2일,전라북도,0,0,0
4월3일,전라북도,1,0,0
4월4일,전라북도,0,0,0
4월5일,전라북도,1,0,0
4월6일,전라북도,0,0,0
4월7일,전라북도,0,0,0
4월8일,전라북도,1,0,0
4월9일,전라북도,0,0,0
4월10일,전라북도,0,1,0
4월11일,전라북도,0,0,0
4월12일,전라북도,0,0,0
4월13일,전라북도,0,0,0
4월14일,전라북도,0,0,0
4월15일,전라북도,0,0,0
4월16일,전라북도,0,1,0
4월17일,전라북도,0,0,0
4월18일,전라북도,0,0,0
4월19일,전라북도,0,0,0
4월20일,전라북도,0,0,0
4월21일,전라북도,0,0,0
4월22일,전라북도,0,0,0
4월23일,전라북도,0,0,0
4월24일,전라북도,0,2,0
4월25일,전라북도,0,-1,0
4월26일,전라북도,1,0,0
4월27일,전라북도,0,0,0
4월28일,전라북도,0,0,0
4월29일,전라북도,0,0,0
4월30일,전라북도,0,1,0
5월1일,전라북도,0,1,0
5월2일,전라북도,0,0,0
5월3일,전라북도,0,0,0
5월4일,전라북도,0,0,0
5월5일,전라북도,0,0,0
5월6일,전라북도,0,0,0
5월7일,전라북도,0,2,0
5월8일,전라북도,1,0,0
5월9일,전라북도,0,0,0
5월10일,전라북도,0,0,0
5월11일,전라북도,0,0,0
5월12일,전라북도,0,0,0
5월13일,전라북도,1,0,0
5월14일,전라북도,0,0,0
5월15일,전라북도,0,0,0
5월16일,전라북도,0,2,0
5월17일,전라북도,0,0,0
5월18일,전라북도,0,2,0
5월19일,전라북도,0,1,0
5월20일,전라북도,1,0,0
5월21일,전라북도,0,0,0
5월22일,전라북도,0,0,0
5월23일,전라북도,0,0,0
5월24일,전라북도,0,0,0
5월25일,전라북도,0,0,0
5월26일,전라북도,0,0,0
5월27일,전라북도,0,0,0
5월28일,전라북도,0,0,0
5월29일,전라북도,0,0,0
5월30일,전라북도,0,0,0
5월31일,전라북도,0,0,0
6월1일,전라북도,0,0,0
6월2일,전라북도,0,0,0
6월3일,전라북도,0,0,0
6월4일,전라북도,0,0,0
6월5일,전라북도,0,0,0
6월6일,전라북도,0,0,0
6월7일,전라북도,0,0,0
6월8일,전라북도,0,0,0
6월9일,전라북도,0,0,0
6월10일,전라북도,0,0,0
6월11일,전라북도,0,0,0
6월12일,전라북도,0,0,0
6월13일,전라북도,0,0,0
6월14일,전라북도,0,0,0
6월15일,전라북도,0,0,0
6월16일,전라북도,0,1,0
6월17일,전라북도,0,0,0
6월18일,전라북도,1,0,0
6월19일,전라북도,0,0,0
6월20일,전라북도,1,0,0
6월21일,전라북도,0,0,0
6월22일,전라북도,1,0,0
6월23일,전라북도,0,0,0
6월24일,전라북도,1,0,0
6월25일,전라북도,0,0,0
6월26일,전라북도,0,0,0
6월27일,전라북도,1,0,0
6월28일,전라북도,0,1,0
6월29일,전라북도,1,0,0
6월30일,전라북도,0,0,0
1월20일,제주도,0,0,0
1월21일,제주도,0,0,0
1월22일,제주도,0,0,0
1월23일,제주도,0,0,0
1월24일,제주도,0,0,0
1월25일,제주도,0,0,0
1월26일,제주도,0,0,0
1월27일,제주도,0,0,0
1월28일,제주도,0,0,0
1월29일,제주도,0,0,0
1월30일,제주도,0,0,0
1월31일,제주도,0,0,0
2월1일,제주도,0,0,0
2월2일,제주도,0,0,0
2월3일,제주도,0,0,0
2월4일,제주도,0,0,0
2월5일,제주도,0,0,0
2월6일,제주도,0,0,0
2월7일,제주도,0,0,0
2월8일,제주도,0,0,0
2월9일,제주도,0,0,0
2월10일,제주도,0,0,0
2월11일,제주도,0,0,0
2월12일,제주도,0,0,0
2월13일,제주도,0,0,0
2월14일,제주도,0,0,0
2월15일,제주도,0,0,0
2월16일,제주도,0,0,0
2월17일,제주도,0,0,0
2월18일,제주도,0,0,0
2월19일,제주도,0,0,0
2월20일,제주도,0,0,0
2월21일,제주도,1,0,0
2월22일,제주도,0,0,0
2월23일,제주도,1,0,0
2월24일,제주도,0,0,0
2월25일,제주도,0,0,0
2월26일,제주도,0,0,0
2월27일,제주도,0,0,0
2월28일,제주도,0,0,0
2월29일,제주도,0,0,0
3월1일,제주도,0,0,0
3월2일,제주도,0,0,0
3월3일,제주도,1,0,0
3월4일,제주도,0,0,0
3월5일,제주도,1,0,0
3월6일,제주도,0,0,0
3월7일,제주도,0,0,0
3월8일,제주도,0,0,0
3월9일,제주도,0,1,0
3월10일,제주도,0,0,0
3월11일,제주도,0,0,0
3월12일,제주도,0,0,0
3월13일,제주도,0,0,0
3월14일,제주도,0,0,0
3월15일,제주도,0,0,0
3월16일,제주도,0,1,0
3월17일,제주도,0,0,0
3월18일,제주도,0,0,0
3월19일,제주도,0,0,0
3월20일,제주도,0,0,0
3월21일,제주도,0,0,0
3월22일,제주도,0,1,0
3월23일,제주도,0,0,0
3월24일,제주도,0,1,0
3월25일,제주도,2,0,0
3월26일,제주도,0,0,0
3월27일,제주도,1,0,0
3월28일,제주도,1,0,0
3월29일,제주도,0,0,0
3월30일,제주도,1,0,0
3월31일,제주도,0,-1,0
4월1일,제주도,0,0,0
4월2일,제주도,0,0,0
4월3일,제주도,0,0,0
4월4일,제주도,0,1,0
4월5일,제주도,3,0,0
4월6일,제주도,0,0,0
4월7일,제주도,0,0,0
4월8일,제주도,0,0,0
4월9일,제주도,0,0,0
4월10일,제주도,0,0,0
4월11일,제주도,0,0,0
4월12일,제주도,0,0,0
4월13일,제주도,0,1,0
4월14일,제주도,0,0,0
4월15일,제주도,1,0,0
4월16일,제주도,0,0,0
4월17일,제주도,0,0,0
4월18일,제주도,0,1,0
4월19일,제주도,0,0,0
4월20일,제주도,0,0,0
4월21일,제주도,0,0,0
4월22일,제주도,0,2,0
4월23일,제주도,0,0,0
4월24일,제주도,0,0,0
4월25일,제주도,0,0,0
4월26일,제주도,0,-1,0
4월27일,제주도,0,1,0
4월28일,제주도,0,-1,0
4월29일,제주도,0,1,0
4월30일,제주도,0,0,0
5월1일,제주도,0,0,0
5월2일,제주도,0,0,0
5월3일,제주도,0,0,0
5월4일,제주도,0,0,0
5월5일,제주도,0,0,0
5월6일,제주도,0,4,0
5월7일,제주도,0,0,0
5월8일,제주도,0,0,0
5월9일,제주도,0,1,0
5월10일,제주도,1,0,0
5월11일,제주도,0,0,0
5월12일,제주도,0,-1,0
5월13일,제주도,0,0,0
5월14일,제주도,0,0,0
5월15일,제주도,0,0,0
5월16일,제주도,0,-1,0
5월17일,제주도,0,0,0
5월18일,제주도,0,0,0
5월19일,제주도,0,0,0
5월20일,제주도,0,2,0
5월21일,제주도,0,0,0
5월22일,제주도,0,0,0
5월23일,제주도,0,0,0
5월24일,제주도,0,0,0
5월25일,제주도,0,0,0
5월26일,제주도,0,0,0
5월27일,제주도,0,0,0
5월28일,제주도,0,0,0
5월29일,제주도,0,0,0
5월30일,제주도,0,0,0
5월31일,제주도,1,0,0
6월1일,제주도,0,0,0
6월2일,제주도,0,0,0
6월3일,제주도,0,0,0
6월4일,제주도,0,0,0
6월5일,제주도,0,0,0
6월6일,제주도,0,0,0
6월7일,제주도,0,0,0
6월8일,제주도,0,0,0
6월9일,제주도,0,0,0
6월10일,제주도,0,0,0
6월11일,제주도,0,0,0
6월12일,제주도,0,0,0
6월13일,제주도,0,1,0
6월14일,제주도,0,1,0
6월15일,제주도,0,0,0
6월16일,제주도,0,0,0
6월17일,제주도,1,0,0
6월18일,제주도,0,0,0
6월19일,제주도,3,0,0
6월20일,제주도,0,0,0
6월21일,제주도,0,0,0
6월22일,제주도,0,0,0
6월23일,제주도,0,0,0
6월24일,제주도,0,0,0
6월25일,제주도,0,1,0
6월26일,제주도,0,0,0
6월27일,제주도,0,0,0
6월28일,제주도,0,0,0
6월29일,제주도,0,0,0
6월30일,제주도,0,0,0
1월20일,충청남도,0,0,0
1월21일,충청남도,0,0,0
1월22일,충청남도,0,0,0
1월23일,충청남도,0,0,0
1월24일,충청남도,0,0,0
1월25일,충청남도,0,0,0
1월26일,충청남도,0,0,0
1월27일,충청남도,0,0,0
1월28일,충청남도,0,0,0
1월29일,충청남도,0,0,0
1월30일,충청남도,0,0,0
1월31일,충청남도,0,0,0
2월1일,충청남도,0,0,0
2월2일,충청남도,0,0,0
2월3일,충청남도,0,0,0
2월4일,충청남도,0,0,0
2월5일,충청남도,0,0,0
2월6일,충청남도,0,0,0
2월7일,충청남도,0,0,0
2월8일,충청남도,0,0,0
2월9일,충청남도,0,0,0
2월10일,충청남도,0,0,0
2월11일,충청남도,0,0,0
2월12일,충청남도,0,0,0
2월13일,충청남도,0,0,0
2월14일,충청남도,0,0,0
2월15일,충청남도,0,0,0
2월16일,충청남도,0,0,0
2월17일,충청남도,0,0,0
2월18일,충청남도,0,0,0
2월19일,충청남도,0,0,0
2월20일,충청남도,0,0,0
2월21일,충청남도,1,0,0
2월22일,충청남도,0,0,0
2월23일,충청남도,0,0,0
2월24일,충청남도,0,0,0
2월25일,충청남도,1,0,0
2월26일,충청남도,1,0,0
2월27일,충청남도,9,0,0
2월28일,충청남도,23,0,0
2월29일,충청남도,20,0,0
3월1일,충청남도,13,0,0
3월2일,충청남도,10,0,0
3월3일,충청남도,3,0,0
3월4일,충청남도,1,0,0
3월5일,충청남도,4,0,0
3월6일,충청남도,4,0,0
3월7일,충청남도,2,0,0
3월8일,충청남도,6,0,0
3월9일,충청남도,4,1,0
3월10일,충청남도,2,0,0
3월11일,충청남도,8,0,0
3월12일,충청남도,2,4,0
3월13일,충청남도,1,2,0
3월14일,충청남도,0,2,0
3월15일,충청남도,0,1,0
3월16일,충청남도,0,2,0
3월17일,충청남도,0,3,0
3월18일,충청남도,3,1,0
3월19일,충청남도,0,15,0
3월20일,충청남도,1,1,0
3월21일,충청남도,0,7,0
3월22일,충청남도,1,0,0
3월23일,충청남도,0,5,0
3월24일,충청남도,0,12,0
3월25일,충청남도,3,9,0
3월26일,충청남도,1,3,0
3월27일,충청남도,0,10,0
3월28일,충청남도,2,3,0
3월29일,충청남도,1,2,0
3월30일,충청남도,0,0,0
3월31일,충청남도,1,7,0
4월1일,충청남도,3,1,0
4월2일,충청남도,2,4,0
4월3일,충청남도,1,2,0
4월4일,충청남도,1,5,0
4월5일,충청남도,0,0,0
4월6일,충청남도,1,0,0
4월7일,충청남도,1,2,0
4월8일,충청남도,0,2,0
4월9일,충청남도,1,-1,0
4월10일,충청남도,0,0,0
4월11일,충청남도,0,1,0
4월12일,충청남도,1,2,0
4월13일,충청남도,0,1,0
4월14일,충청남도,0,4,0
4월15일,충청남도,0,1,0
4월16일,충청남도,0,1,0
4월17일,충청남도,0,0,0
4월18일,충청남도,2,4,0
4월19일,충청남도,0,3,0
4월20일,충청남도,0,0,0
4월21일,충청남도,0,1,0
4월22일,충청남도,0,-1,0
4월23일,충청남도,0,1,0
4월24일,충청남도,0,0,0
4월25일,충청남도,0,0,0
4월26일,충청남도,0,0,0
4월27일,충청남도,1,0,0
4월28일,충청남도,0,0,0
4월29일,충청남도,1,0,0
4월30일,충청남도,0,4,0
5월1일,충청남도,0,1,0
5월2일,충청남도,0,0,0
5월3일,충청남도,0,0,0
5월4일,충청남도,0,0,0
5월5일,충청남도,0,0,0
5월6일,충청남도,0,0,0
5월7일,충청남도,0,0,0
5월8일,충청남도,0,2,0
5월9일,충청남도,0,3,0
5월10일,충청남도,0,0,0
5월11일,충청남도,0,1,0
5월12일,충청남도,0,2,0
5월13일,충청남도,0,2,0
5월14일,충청남도,1,0,0
5월15일,충청남도,0,1,0
5월16일,충청남도,0,0,0
5월17일,충청남도,0,1,0
5월18일,충청남도,0,0,0
5월19일,충청남도,0,0,0
5월20일,충청남도,0,1,0
5월21일,충청남도,1,0,0
5월22일,충청남도,0,0,0
5월23일,충청남도,0,0,0
5월24일,충청남도,0,0,0
5월25일,충청남도,0,0,0
5월26일,충청남도,0,0,0
5월27일,충청남도,0,0,0
5월28일,충청남도,1,0,0
5월29일,충청남도,0,0,0
5월30일,충청남도,0,1,0
5월31일,충청남도,0,0,0
6월1일,충청남도,0,0,0
6월2일,충청남도,0,0,0
6월3일,충청남도,0,0,0
6월4일,충청남도,0,0,0
6월5일,충청남도,1,1,0
6월6일,충청남도,1,0,0
6월7일,충청남도,0,0,0
6월8일,충청남도,0,0,0
6월9일,충청남도,2,0,0
6월10일,충청남도,0,0,0
6월11일,충청남도,0,0,0
6월12일,충청남도,0,1,0
6월13일,충청남도,1,0,0
6월14일,충청남도,0,0,0
6월15일,충청남도,1,0,0
6월16일,충청남도,0,0,0
6월17일,충청남도,1,0,0
6월18일,충청남도,3,0,0
6월19일,충청남도,0,0,0
6월20일,충청남도,2,0,0
6월21일,충청남도,1,0,0
6월22일,충청남도,2,0,0
6월23일,충청남도,0,0,0
6월24일,충청남도,1,2,0
6월25일,충청남도,1,0,0
6월26일,충청남도,3,2,0
6월27일,충청남도,0,0,0
6월28일,충청남도,1,0,0
6월29일,충청남도,0,2,0
6월30일,충청남도,0,0,0
1월20일,충청북도,0,0,0
1월21일,충청북도,0,0,0
1월22일,충청북도,0,0,0
1월23일,충청북도,0,0,0
1월24일,충청북도,0,0,0
1월25일,충청북도,0,0,0
1월26일,충청북도,0,0,0
1월27일,충청북도,0,0,0
1월28일,충청북도,0,0,0
1월29일,충청북도,0,0,0
1월30일,충청북도,0,0,0
1월31일,충청북도,0,0,0
2월1일,충청북도,0,0,0
2월2일,충청북도,0,0,0
2월3일,충청북도,0,0,0
2월4일,충청북도,0,0,0
2월5일,충청북도,0,0,0
2월6일,충청북도,0,0,0
2월7일,충청북도,0,0,0
2월8일,충청북도,0,0,0
2월9일,충청북도,0,0,0
2월10일,충청북도,0,0,0
2월11일,충청북도,0,0,0
2월12일,충청북도,0,0,0
2월13일,충청북도,0,0,0
2월14일,충청북도,0,0,0
2월15일,충청북도,0,0,0
2월16일,충청북도,0,0,0
2월17일,충청북도,0,0,0
2월18일,충청북도,0,0,0
2월19일,충청북도,0,0,0
2월20일,충청북도,0,0,0
2월21일,충청북도,1,0,0
2월22일,충청북도,2,0,0
2월23일,충청북도,0,0,0
2월24일,충청북도,0,0,0
2월25일,충청북도,2,0,0
2월26일,충청북도,0,0,0
2월27일,충청북도,3,0,0
2월28일,충청북도,1,0,0
2월29일,충청북도,1,0,0
3월1일,충청북도,1,0,0
3월2일,충청북도,0,0,0
3월3일,충청북도,0,0,0
3월4일,충청북도,0,0,0
3월5일,충청북도,1,1,0
3월6일,충청북도,3,0,0
3월7일,충청북도,5,0,0
3월8일,충청북도,4,0,0
3월9일,충청북도,1,2,0
3월10일,충청북도,0,0,0
3월11일,충청북도,2,0,0
3월12일,충청북도,0,1,0
3월13일,충청북도,0,0,0
3월14일,충청북도,1,1,0
3월15일,충청북도,3,1,0
3월16일,충청북도,0,0,0
3월17일,충청북도,0,-1,0
3월18일,충청북도,1,0,0
3월19일,충청북도,1,0,0
3월20일,충청북도,0,1,0
3월21일,충청북도,1,2,0
3월22일,충청북도,1,1,0
3월23일,충청북도,2,0,0
3월24일,충청북도,1,2,0
3월25일,충청북도,0,2,0
3월26일,충청북도,1,1,0
3월27일,충청북도,2,3,0
3월28일,충청북도,0,4,0
3월29일,충청북도,0,0,0
3월30일,충청북도,3,0,0
3월31일,충청북도,0,1,0
4월1일,충청북도,0,1,0
4월2일,충청북도,0,0,0
4월3일,충청북도,1,2,0
4월4일,충청북도,0,2,0
4월5일,충청북도,0,1,0
4월6일,충청북도,0,1,0
4월7일,충청북도,0,0,0
4월8일,충청북도,0,0,0
4월9일,충청북도,0,1,0
4월10일,충청북도,0,-2,0
4월11일,충청북도,0,0,0
4월12일,충청북도,0,1,0
4월13일,충청북도,0,2,0
4월14일,충청북도,0,0,0
4월15일,충청북도,0,0,0
4월16일,충청북도,0,3,0
4월17일,충청북도,0,3,0
4월18일,충청북도,0,1,0
4월19일,충청북도,0,0,0
4월20일,충청북도,0,0,0
4월21일,충청북도,0,1,0
4월22일,충청북도,0,0,0
4월23일,충청북도,0,1,0
4월24일,충청북도,0,0,0
4월25일,충청북도,0,0,0
4월26일,충청북도,0,0,0
4월27일,충청북도,0,0,0
4월28일,충청북도,0,0,0
4월29일,충청북도,0,0,0
4월30일,충청북도,0,1,0
5월1일,충청북도,0,0,0
5월2일,충청북도,0,0,0
5월3일,충청북도,0,1,0
5월4일,충청북도,0,0,0
5월5일,충청북도,0,0,0
5월6일,충청북도,0,0,0
5월7일,충청북도,1,0,0
5월8일,충청북도,1,-1,0
5월9일,충청북도,0,0,0
5월10일,충청북도,2,1,0
5월11일,충청북도,3,0,0
5월12일,충청북도,0,0,0
5월13일,충청북도,0,1,0
5월14일,충청북도,3,0,0
5월15일,충청북도,0,0,0
5월16일,충청북도,1,0,0
5월17일,충청북도,0,0,0
5월18일,충청북도,3,0,0
5월19일,충청북도,0,0,0
5월20일,충청북도,0,1,0
5월21일,충청북도,0,0,0
5월22일,충청북도,0,0,0
5월23일,충청북도,0,1,0
5월24일,충청북도,0,1,0
5월25일,충청북도,0,0,0
5월26일,충청북도,1,0,0
5월27일,충청북도,0,0,0
5월28일,충청북도,0,0,0
5월29일,충청북도,0,0,0
5월30일,충청북도,0,3,0
5월31일,충청북도,0,0,0
6월1일,충청북도,0,0,0
6월2일,충청북도,0,0,0
6월3일,충청북도,0,0,0
6월4일,충청북도,0,0,0
6월5일,충청북도,0,0,0
6월6일,충청북도,0,0,0
6월7일,충청북도,1,0,0
6월8일,충청북도,0,0,0
6월9일,충청북도,0,0,0
6월10일,충청북도,0,0,0
6월11일,충청북도,0,3,0
6월12일,충청북도,0,0,0
6월13일,충청북도,0,0,0
6월14일,충청북도,0,0,0
6월15일,충청북도,0,0,0
6월16일,충청북도,0,3,0
6월17일,충청북도,0,0,0
6월18일,충청북도,0,0,0
6월19일,충청북도,0,0,0
6월20일,충청북도,0,0,0
6월21일,충청북도,0,0,0
6월22일,충청북도,0,1,0
6월23일,충청북도,1,0,0
6월24일,충청북도,0,0,0
6월25일,충청북도,0,1,0
6월26일,충청북도,0,3,0
6월27일,충청북도,1,0,0
6월28일,충청북도,1,0,0
6월29일,충청북도,0,0,0
6월30일,충청북도,1,0,0
